DEPTH,FEATURE0,FEATURE1
124.58068389511031,598,1187
124.59176230518037,649,1290
124.60284071525041,641,1218
124.61391912532046,590,1218
124.62499753539052,559,1186
124.63607594546058,717,1171
124.64715435553063,590,1171
124.65823276560067,559,1172
124.66931117567073,622,1187
124.68038958574078,560,1218
124.69146799581083,559,1171
124.70254640588088,536,1173
124.71362481595094,527,1218
124.72470322602098,117,1234
124.73578163609103,402,1187
124.74686004616109,448,1203
124.75793845623113,645,1038
124.76901686630119,637,1267
124.78009527637124,402,1210
124.7911736864413,339,1187
124.80225209651135,401,1139
124.8133305065814,425,1140
124.82440891665145,401,1155
124.8354873267215,449,1218
124.84656573679155,434,1265
124.8576441468616,466,1304
124.86872255693166,403,1264
124.8798009670017,417,1265
124.89087937707176,401,1187
124.90195778714181,313,1218
124.91303619721185,463,1264
124.92411460728192,441,1210
124.93519301735196,441,1124
124.94627142742202,456,1269
124.95734983749206,386,1242
124.96842824756212,441,1264
124.97950665763217,433,1219
124.99058506770223,457,1264
125.00166347777227,410,1250
125.01274188784232,447,1262
125.02382029791238,392,1226
125.03489870798242,386,1264
125.04597711805248,403,1273
125.05705552812253,370,1260
125.06813393819259,340,1256
125.07921234826264,337,1274
125.09029075833269,403,1282
125.10136916840273,557,1266
125.11244757847278,260,1149
125.12352598854284,260,1261
125.1346043986129,401,1126
125.14568280868295,229,1115
125.15676121875299,402,1129
125.16783962882305,401,1172
125.1789180388931,535,1218
125.18999644896314,559,1234
125.2010748590332,559,1129
125.21215326910325,558,1136
125.22323167917331,583,1129
125.23431008924335,560,1127
125.2453884993134,89,1127
125.25646690938345,86,1109
125.2675453194535,88,1108
125.27862372952356,324,1128
125.28970213959362,87,1129
125.30078054966367,653,1129
125.31185895973371,542,1127
125.32293736980377,433,1128
125.33401577987382,606,1125
125.34509418994386,574,1127
125.35617260001392,438,1130
125.36725101008398,571,1131
125.37832942015402,417,1131
125.38940783022407,590,1129
125.40048624029413,440,1155
125.41156465036418,478,1130
125.42264306043424,402,1128
125.43372147050428,428,1135
125.44479988057434,411,1076
125.45587829064439,420,1132
125.46695670071443,572,1131
125.47803511078449,444,1117
125.48911352085454,557,1107
125.50019193092459,574,1105
125.51127034099464,566,1128
125.5223487510647,557,1109
125.53342716113474,439,1109
125.5445055712048,571,1107
125.55558398127485,557,1127
125.5666623913449,569,1129
125.57774080141496,574,1142
125.588819211485,557,1128
125.59989762155506,256,1109
125.6109760316251,567,1130
125.62205444169516,428,1106
125.63313285176521,430,1128
125.64421126183527,496,1128
125.65528967190531,511,1129
125.66636808197536,558,1127
125.67744649204542,590,1127
125.68852490211546,512,1124
125.69960331218552,637,1129
125.71068172225557,559,1128
125.72176013232563,558,1127
125.73283854239567,574,1110
125.74391695246572,714,1127
125.75499536253577,715,1124
125.76607377260582,669,1108
125.77715218267588,794,1140
125.78823059274593,271,1045
125.79930900281599,363,1126
125.81038741288603,645,1126
125.82146582295609,652,1129
125.83254423302614,582,1130
125.84362264309618,622,1126
125.85470105316624,503,1109
125.8657794632363,453,1126
125.87685787330634,449,1127
125.88793628337639,488,1106
125.89901469344645,454,1128
125.9100931035165,505,1126
125.92117151358656,497,1127
125.9322499236566,481,1107
125.94332833372665,507,1124
125.95440674379671,476,1124
125.96548515386675,497,1109
125.9765635639368,499,1110
125.98764197400686,495,1108
125.9987203840769,508,1117
126.00979879414696,493,1108
126.02087720421702,496,1109
126.03195561428706,493,1109
126.04303402435711,472,1107
126.05411243442717,471,1127
126.06519084449722,475,1126
126.07626925456728,496,1111
126.08734766463732,487,1127
126.09842607470738,477,1126
126.10950448477742,489,1110
126.12058289484747,466,1109
126.13166130491753,448,1128
126.14273971498758,430,1045
126.15381812505763,518,1263
126.16489653512768,629,1126
126.17597494519774,652,1142
126.18705335526778,652,1126
126.19813176533783,531,1127
126.20921017540789,162,1129
126.22028858547795,441,1110
126.23136699554799,558,1128
126.24244540561804,574,1124
126.25352381568808,558,1125
126.26460222575815,557,1127
126.2756806358282,559,1110
126.28675904589825,402,1126
126.2978374559683,98,1129
126.30891586603835,385,1126
126.3199942761084,459,1127
126.33107268617846,558,1125
126.3421510962485,400,1126
126.35322950631856,558,1126
126.36430791638861,557,1127
126.37538632645865,400,1109
126.38646473652871,401,1123
126.39754314659876,558,1111
126.40862155666882,557,1126
126.41969996673888,574,1155
126.43077837680892,559,1125
126.44185678687897,322,1127
126.45293519694903,558,1110
126.46401360701907,86,1118
126.47509201708912,89,1128
126.48617042715918,433,1129
126.49724883722922,85,1130
126.50832724729928,417,1107
126.51940565736933,359,1127
126.53048406743937,558,1127
126.54156247750943,675,1126
126.55264088757949,685,1128
126.56371929764954,683,1128
126.5747977077196,672,1127
126.58587611778964,664,1128
126.5969545278597,658,1110
126.60803293792974,621,1126
126.61911134799979,623,1126
126.63018975806985,588,1111
126.6412681681399,570,1126
126.65234657820994,515,1128
126.66342498828,461,1110
126.67450339835005,446,1127
126.6855818084201,515,1109
126.69666021849015,482,1126
126.70773862856021,470,1111
126.71881703863026,455,1139
126.7298954487003,423,1125
126.74097385877036,426,1122
126.7520522688404,419,1126
126.76313067891047,410,1133
126.77420908898051,408,1139
126.78528749905057,406,1129
126.79636590912062,404,1154
126.80744431919067,400,1137
126.81852272926072,401,1145
126.82960113933078,147,1106
126.84067954940082,397,1122
126.85175795947087,398,1147
126.86283636954093,403,1150
126.87391477961097,405,1139
126.88499318968103,402,1145
126.89607159975108,407,1129
126.90715000982114,411,1139
126.9182284198912,412,1150
126.92930682996123,413,1150
126.94038524003129,413,1163
126.95146365010135,416,1140
126.96254206017139,414,1161
126.97362047024144,415,1117
126.9846988803115,412,1137
126.99577729038154,406,1164
127.0068557004516,414,1149
127.01793411052165,418,1095
127.02901252059169,424,1122
127.04009093066175,423,1126
127.0511693407318,426,1125
127.06224775080186,430,1109
127.07332616087191,433,1098
127.08440457094196,431,1102
127.09548298101201,434,1111
127.10656139108205,432,1113
127.11763980115211,436,1112
127.12871821122216,436,1112
127.13979662129222,439,1109
127.15087503136226,443,1090
127.16195344143232,443,1107
127.17303185150237,440,1117
127.18411026157241,442,1210
127.19518867164247,442,1111
127.20626708171253,450,1089
127.21734549178258,448,1123
127.22842390185264,453,1119
127.23950231192268,457,1121
127.25058072199272,457,1121
127.26165913206279,462,1128
127.27273754213283,462,1126
127.28381595220289,464,1126
127.29489436227294,463,1110
127.30597277234298,466,1125
127.31705118241304,466,1124
127.3281295924831,468,1123
127.33920800255314,467,1132
127.35028641262319,155,1125
127.36136482269325,465,1152
127.3724432327633,401,1153
127.38352164283334,400,1132
127.3946000529034,401,1149
127.40567846297346,477,1160
127.41675687304351,479,1174
127.42783528311355,477,1188
127.43891369318361,481,1162
127.44999210325366,481,1110
127.4610705133237,483,1198
127.47214892339376,484,1200
127.48322733346382,485,1193
127.49430574353386,484,1184
127.50538415360391,488,1199
127.51646256367397,485,1202
127.52754097374401,482,1212
127.53861938381407,486,1202
127.54969779388412,489,1206
127.56077620395418,486,1207
127.57185461402423,511,1213
127.58293302409427,574,1221
127.59401143416433,557,1221
127.60508984423439,487,1215
127.61616825430443,488,1222
127.62724666437448,490,1139
127.63832507444454,485,1224
127.64940348451458,483,1123
127.66048189458463,484,1123
127.67156030465469,486,1155
127.68263871472473,479,1186
127.69371712479479,478,1201
127.70479553486484,136,1227
127.7158739449349,469,1154
127.72695235500495,401,1236
127.738030765075,469,1209
127.74910917514505,470,1202
127.7601875852151,464,1178
127.77126599528515,469,1112
127.7823444053552,485,1110
127.79342281542526,495,1110
127.8045012254953,463,1138
127.81557963556536,556,1138
127.82665804563541,465,1112
127.83773645570545,463,1233
127.84881486577551,480,1155
127.85989327584556,471,1139
127.87097168591562,474,1110
127.88205009598566,471,1139
127.89312850605572,470,1107
127.90420691612577,472,1224
127.91528532619583,484,1147
127.92636373626587,484,1138
127.93744214633593,494,1138
127.94852055640598,498,1123
127.95959896647602,500,1112
127.97067737654608,502,1155
127.98175578661613,509,1112
127.99283419668618,513,1139
128.00391260675624,515,1139
128.0149910168263,519,1193
128.02606942689633,523,1162
128.0371478369664,525,1193
128.04822624703644,528,1170
128.05930465710648,524,1224
128.07038306717655,527,1185
128.0814614772466,536,1233
128.09253988731663,533,1210
128.1036182973867,537,1202
128.11469670745674,544,1202
128.1257751175268,545,1154
128.13685352759686,548,1244
128.1479319376669,548,1240
128.15901034773697,547,1110
128.170088757807,551,1224
128.18116716787705,550,1170
128.19224557794712,401,1228
128.20332398801716,400,1162
128.2144023980872,552,1186
128.22548080815727,393,1212
128.2365592182273,134,1207
128.24763762829735,551,1187
128.25871603836742,553,1204
128.26979444843747,547,1203
128.2808728585075,526,1201
128.29195126857758,548,1198
128.30302967864762,553,1187
128.31410808871766,550,1178
128.32518649878773,403,1196
128.33626490885777,141,1162
128.34734331892784,272,1130
128.35842172899788,540,1155
128.36950013906792,541,1162
128.380578549138,541,1200
128.39165695920804,538,1138
128.40273536927808,400,1205
128.41381377934815,207,1202
128.4248921894182,401,1211
128.43597059948826,534,1213
128.4470490095583,526,1211
128.45812741962834,524,1202
128.4692058296984,401,1178
128.48028423976845,523,1169
128.4913626498385,522,1130
128.50244105990856,524,1201
128.5135194699786,522,1216
128.52459788004865,517,1202
128.53567629011872,518,1201
128.54675470018876,519,1146
128.5578331102588,516,1204
128.56891152032887,510,1185
128.5799899303989,150,1170
128.59106834046895,251,1200
128.60214675053902,152,1142
128.61322516060906,512,1113
128.6243035706791,508,1162
128.63538198074917,508,1178
128.64646039081921,513,1201
128.65753880088928,511,1178
128.66861721095933,463,1201
128.67969562102937,501,1202
128.69077403109944,274,1121
128.70185244116948,148,1162
128.71293085123952,511,1198
128.7240092613096,509,1214
128.73508767137963,515,1191
128.74616608144967,506,1218
128.75724449151974,275,1161
128.76832290158978,150,1109
128.77940131165985,513,1125
128.7904797217299,516,1111
128.80155813179994,519,1218
128.81263654187,528,1170
128.82371495194005,528,1215
128.8347933620101,529,1186
128.84587177208016,529,1212
128.8569501821502,535,1209
128.86802859222024,537,1186
128.8791070022903,539,1155
128.89018541236035,543,1193
128.9012638224304,547,1203
128.91234223250046,537,1177
128.9234206425705,551,1200
128.93449905264055,554,1196
128.94557746271062,559,1186
128.95665587278066,562,1190
128.9677342828507,572,1191
128.97881269292077,578,1177
128.9898911029908,576,1189
129.00096951306088,581,1191
129.01204792313092,584,1170
129.02312633320096,596,1170
129.03420474327103,600,1190
129.04528315334107,601,1170
129.05636156341112,601,1138
129.06743997348119,601,1169
129.07851838355123,590,1117
129.0895967936213,588,1186
129.10067520369134,582,1154
129.11175361376138,569,1181
129.12283202383145,560,1173
129.1339104339015,570,1173
129.14498884397153,563,1177
129.1560672540416,557,1173
129.16714566411164,561,1168
129.17822407418168,553,1169
129.18930248425175,555,1169
129.2003808943218,555,1169
129.21145930439184,556,1123
129.2225377144619,560,1178
129.23361612453195,562,1179
129.244694534602,562,1181
129.25577294467206,575,1170
129.2668513547421,579,1117
129.27792976481214,578,1138
129.2890081748822,583,1107
129.30008658495225,575,1198
129.3111649950223,592,1203
129.32224340509237,597,1212
129.3333218151624,600,1207
129.34440022523248,604,1162
129.35547863530252,608,1110
129.36655704537256,607,1110
129.37763545544263,607,1162
129.38871386551267,603,1110
129.3997922755827,602,1161
129.41087068565278,580,1161
129.42194909572282,604,1130
129.4330275057929,603,1207
129.44410591586293,558,1138
129.45518432593298,401,1210
129.46626273600305,369,1154
129.4773411460731,557,1213
129.48841955614313,558,1217
129.4994979662132,601,1190
129.51057637628324,602,1214
129.52165478635328,606,1111
129.53273319642335,607,1108
129.5438116064934,608,1130
129.55489001656343,610,1218
129.5659684266335,610,1222
129.57704683670354,611,1221
129.5881252467736,616,1122
129.59920365684366,616,1221
129.6102820669137,619,1227
129.62136047698377,620,1154
129.6324388870538,604,1124
129.64351729712385,260,1146
129.65459570719392,619,1235
129.66567411726396,624,1236
129.676752527334,604,1146
129.68783093740407,621,1186
129.6989093474741,619,1123
129.70998775754416,614,1229
129.72106616761423,614,1122
129.73214457768427,612,1223
129.7432229877543,606,1221
129.75430139782438,607,1201
129.76537980789442,609,1218
129.7764582179645,604,1215
129.78753662803453,600,1212
129.79861503810457,599,1207
129.80969344817464,590,1139
129.82077185824468,591,1146
129.83185026831472,588,1204
129.8429286783848,587,1200
129.85400708845484,587,1201
129.86508549852488,584,1200
129.87616390859495,578,1175
129.887242318665,581,1195
129.89832072873503,583,1199
129.9093991388051,578,1124
129.92047754887514,573,1182
129.93155595894518,572,1110
129.94263436901525,567,1124
129.9537127790853,565,1138
129.96479118915533,563,1154
129.9758695992254,563,1109
129.98694800929545,401,1117
129.99802641936552,553,1083
130.00910482943556,556,1196
130.0201832395056,558,1191
130.03126164957567,557,1111
130.0423400596457,554,1200
130.05341846971578,550,1156
130.06449687978582,555,1111
130.07557528985586,551,1109
130.08665369992593,553,1208
130.09773210999597,552,1210
130.10881052006602,553,1186
130.11988893013609,553,1200
130.13096734020613,554,1111
130.14204575027617,557,1170
130.15312416034624,554,1146
130.16420257041628,551,1123
130.17528098048632,399,1109
130.1863593905564,552,1219
130.19743780062643,409,1217
130.20851621069647,511,1112
130.21959462076654,552,1154
130.23067303083658,551,1207
130.24175144090663,552,1111
130.2528298509767,552,1154
130.26390826104674,552,1154
130.27498667111678,558,1219
130.28606508118685,553,1219
130.2971434912569,555,1218
130.30822190132693,526,1221
130.319300311397,554,1177
130.33037872146704,124,1228
130.3414571315371,126,1233
130.35253554160715,126,1238
130.3636139516772,555,1239
130.37469236174726,555,1201
130.3857707718173,557,1229
130.39684918188735,557,1217
130.40792759195742,557,1230
130.41900600202746,558,1220
130.43008441209753,560,1201
130.44116282216757,560,1223
130.4522412322376,559,1193
130.46331964230768,559,1154
130.47439805237772,562,1209
130.48547646244776,561,1185
130.49655487251783,564,1226
130.50763328258788,562,1200
130.51871169265792,564,1232
130.529790102728,482,1238
130.54086851279803,570,1239
130.55194692286807,567,1220
130.56302533293814,567,1177
130.57410374300818,573,1242
130.58518215307822,571,1216
130.5962605631483,574,1246
130.60733897321833,573,1201
130.6184173832884,572,1217
130.62949579335844,578,1245
130.64057420342849,576,1251
130.65165261349856,574,1259
130.6627310235686,576,1259
130.67380943363864,574,1263
130.6848878437087,557,1263
130.69596625377875,574,1244
130.7070446638488,576,1265
130.71812307391886,577,1251
130.7292014839889,579,1240
130.74027989405894,578,1247
130.751358304129,578,1236
130.76243671419905,576,1193
130.77351512426912,578,1217
130.78459353433917,577,1216
130.7956719444092,575,1185
130.80675035447928,579,1216
130.81782876454932,575,1215
130.82890717461936,579,1214
130.83998558468943,576,1169
130.85106399475947,575,1220
130.8621424048295,401,1185
130.87322081489958,541,1221
130.88429922496962,576,1222
130.89537763503967,577,1223
130.90645604510973,579,1223
130.91753445517978,581,1216
130.92861286524982,585,1154
130.9396912753199,582,1225
130.95076968538993,585,1201
130.96184809545997,584,1169
130.97292650553004,582,1162
130.98400491560008,585,1224
130.99508332567015,586,1216
131.0061617357402,589,1169
131.01724014581023,579,1177
131.0283185558803,144,1224
131.03939696595035,586,1123
131.05047537602042,585,1123
131.06155378609046,588,1130
131.0726321961605,588,1225
131.08371060623057,589,1226
131.0947890163006,591,1226
131.10586742637065,584,1232
131.11694583644072,571,1231
131.12802424651076,585,1169
131.1391026565808,583,1138
131.15018106665087,583,1200
131.16125947672091,582,1246
131.17233788679096,579,1247
131.18341629686103,580,1208
131.19449470693107,583,1177
131.2055731170011,153,1170
131.21665152707118,440,1109
131.22772993714122,579,1109
131.23880834721126,581,1110
131.24988675728133,479,1122
131.26096516735137,580,1153
131.27204357742144,558,1208
131.28312198749148,582,1240
131.29420039756153,557,1247
131.3052788076316,588,1246
131.31635721770164,590,1246
131.32743562777168,594,1185
131.33851403784175,602,1153
131.3495924479118,598,1185
131.36067085798183,604,1247
131.3717492680519,605,1224
131.38282767812194,589,1232
131.39390608819198,602,1232
131.40498449826205,251,1110
131.4160629083321,615,1249
131.42714131840216,619,1193
131.4382197284722,628,1258
131.44929813854225,558,1201
131.46037654861232,573,1248
131.47145495868236,645,1153
131.4825333687524,640,1243
131.49361177882247,604,1224
131.5046901888925,651,1234
131.51576859896255,661,1217
131.52684700903262,664,1241
131.53792541910266,668,1237
131.5490038291727,673,1234
131.56008223924277,676,1226
131.57116064931282,672,1225
131.58223905938286,669,1176
131.59331746945293,681,1223
131.60439587952297,557,1146
131.61547428959304,701,1222
131.62655269966308,705,1226
131.63763110973312,706,1223
131.6487095198032,719,1223
131.65978792987323,716,1226
131.67086633994327,727,1230
131.68194475001334,730,1201
131.69302316008338,713,1235
131.70410157015343,726,1247
131.7151799802235,713,1232
131.72625839029354,713,1248
131.7373368003636,652,1263
131.74841521043365,738,1277
131.7594936205037,712,1278
131.77057203057376,652,1264
131.7816504406438,704,1284
131.79272885071384,681,1231
131.8038072607839,667,1261
131.81488567085395,675,1293
131.825964080924,635,1264
131.83704249099407,635,1291
131.8481209010641,714,1294
131.85919931113415,713,1324
131.87027772120422,674,1295
131.88135613127426,714,1353
131.8924345413443,705,1264
131.90351295141437,251,1310
131.9145913614844,251,1312
131.92566977155445,568,1286
131.93674818162452,439,1370
131.94782659169456,315,1314
131.95890500176463,697,1280
131.96998341183468,604,1247
131.98106182190472,697,1200
131.9921402319748,635,1161
132.00321864204483,596,1258
132.01429705211487,596,1247
132.02537546218494,596,1262
132.03645387225498,572,1261
132.04753228232502,698,1269
132.0586106923951,651,1276
132.06968910246513,682,1263
132.0807675125352,257,1264
132.09184592260524,315,1264
132.1029243326753,526,1264
132.11400274274536,399,1254
132.1250811528154,667,1154
132.13615956288544,705,1185
132.1472379729555,713,1261
132.15831638302555,712,1262
132.1693947930956,697,1299
132.18047320316566,556,1247
132.1915516132357,682,1262
132.20263002330574,682,1246
132.2137084333758,714,1208
132.22478684344586,672,1261
132.2358652535159,558,1261
132.24694366358597,541,1279
132.258022073656,712,1271
132.26910048372608,463,1301
132.28017889379612,713,1301
132.29125730386616,712,1286
132.30233571393623,651,1254
132.31341412400627,723,1253
132.3244925340763,714,1271
132.33557094414638,706,1273
132.34664935421642,709,1273
132.35772776428647,701,1247
132.36880617435654,690,1201
132.37988458442658,695,1247
132.39096299449665,666,1247
132.4020414045667,670,1123
132.41311981463673,667,1138
132.4241982247068,666,1137
132.43527663477684,658,1106
132.44635504484688,645,1255
132.45743345491695,635,1106
132.468511864987,640,1252
132.47959027505703,642,1224
132.4906686851271,638,1246
132.50174709519715,629,1224
132.5128255052672,624,1237
132.52390391533726,609,1249
132.5349823254073,616,1233
132.54606073547734,610,1232
132.5571391455474,604,1229
132.56821755561745,600,1228
132.5792959656875,600,1145
132.59037437575756,595,1107
132.6014527858276,586,1200
132.61253119589765,366,1153
132.62360960596772,582,1225
132.63468801603776,556,1161
132.64576642610783,580,1179
132.65684483617787,578,1153
132.6679232462479,577,1220
132.67900165631798,578,1184
132.69008006638802,573,1184
132.7011584764581,573,1228
132.71223688652813,557,1230
132.72331529659817,574,1193
132.73439370666824,548,1231
132.74547211673828,564,1237
132.75655052680833,486,1240
132.7676289368784,218,1250
132.77870734694844,221,1137
132.78978575701848,573,1257
132.80086416708855,349,1261
132.8119425771586,378,1267
132.82302098722863,582,1264
132.8340993972987,583,1231
132.84517780736874,555,1261
132.85625621743878,582,1232
132.86733462750885,588,1232
132.8784130375789,588,1200
132.88949144764894,595,1216
132.900569857719,592,1264
132.91164826778905,607,1169
132.9227266778591,604,1232
132.93380508792916,602,1184
132.9448834979992,607,1265
132.95596190806927,610,1273
132.9670403181393,281,1275
132.97811872820938,622,1262
132.98919713827942,619,1281
133.00027554834946,556,1262
133.0113539584195,635,1264
133.02243236848958,641,1315
133.03351077855962,636,1262
133.04458918862966,659,1310
133.05566759869973,667,1263
133.06674600876977,673,1263
133.07782441883984,673,1263
133.08890282890988,682,1188
133.09998123897992,698,1263
133.11105964905,275,1265
133.12213805912003,711,1216
133.13321646919007,711,1246
133.14429487926014,233,1265
133.15537328933019,557,1331
133.16645169940023,558,1065
133.1775301094703,554,1248
133.18860851954034,555,1107
133.19968692961038,557,1105
133.21076533968045,398,1105
133.2218437497505,556,1162
133.23292215982053,399,1294
133.2440005698906,398,1122
133.25507897996064,557,1137
133.2661573900307,399,1262
133.27723580010075,400,1262
133.2883142101708,209,1254
133.29939262024087,209,1200
133.3104710303109,212,1105
133.32154944038095,210,949
133.33262785045102,219,1145
133.34370626052106,222,1097
133.3547846705911,525,1106
133.36586308066117,398,1137
133.3769414907312,227,1248
133.38801990080128,231,1192
133.39909831087132,528,1138
133.41017672094137,396,1121
133.42125513101143,241,1154
133.43233354108148,242,1224
133.44341195115152,398,1107
133.4544903612216,407,1108
133.46556877129163,133,1160
133.47664718136167,240,1019
133.48772559143174,240,1104
133.49880400150178,246,989
133.50988241157182,253,1107
133.5209608216419,258,1090
133.53203923171193,260,1107
133.54311764178198,407,1104
133.55419605185205,524,1103
133.5652744619221,268,1106
133.57635287199213,271,1103
133.5874312820622,273,1059
133.59850969213224,296,1101
133.60958810220228,281,1104
133.62066651227235,289,1020
133.6317449223424,282,1104
133.64282333241246,276,1074
133.6539017424825,278,1014
133.66498015255254,281,1104
133.67605856262261,292,1104
133.68713697269266,342,1059
133.69821538276273,364,950
133.70929379283277,383,1105
133.7203722029028,417,1105
133.73145061297288,435,1105
133.74252902304292,452,1106
133.75360743311296,471,1106
133.76468584318303,422,1106
133.77576425325307,448,1138
133.7868426633231,520,1106
133.79792107339318,485,1122
133.80899948346323,497,1161
133.82007789353327,514,1114
133.83115630360334,526,1011
133.84223471367338,549,1180
133.85331312374345,595,1145
133.8643915338135,618,1121
133.87546994388353,628,1106
133.88654835395357,603,1145
133.89762676402364,673,1122
133.90870517409368,619,1201
133.91978358416372,682,1184
133.9308619942338,603,1261
133.94194040430384,604,1208
133.9530188143739,534,1184
133.96409722444395,232,1152
133.97517563451402,352,1107
133.98625404458406,478,1129
133.9973324546541,234,1105
134.00841086472414,234,1233
134.0194892747942,236,1202
134.03056768486425,244,1262
134.0416460949343,247,1216
134.05272450500436,399,1121
134.0638029150744,399,1192
134.07488132514447,399,1122
134.08595973521452,400,1103
134.09703814528456,398,1122
134.10811655535463,398,1105
134.11919496542467,400,1105
134.1302733754947,555,1114
134.14135178556478,397,1137
134.15243019563482,401,1121
134.16350860570486,454,1177
134.17458701577493,290,1177
134.18566542584497,266,1169
134.19674383591502,587,1153
134.20782224598508,337,1263
134.21890065605513,555,1261
134.22997906612517,557,1262
134.24105747619524,595,1263
134.25213588626528,555,1114
134.26321429633535,555,1200
134.2742927064054,556,1106
134.28537111647543,557,1108
134.2964495265455,557,1153
134.30752793661554,540,1152
134.31860634668558,557,1107
134.32968475675565,398,1105
134.3407631668257,399,1107
134.35184157689574,288,1106
134.3629199869658,391,1206
134.37399839703585,498,1184
134.38507680710592,556,1199
134.39615521717596,555,1104
134.407233627246,557,1107
134.41831203731607,556,1106
134.4293904473861,556,1122
134.44046885745615,604,1106
134.45154726752622,604,1105
134.46262567759626,558,1074
134.4737040876663,714,1153
134.48478249773638,682,1172
134.49586090780642,588,1218
134.50693931787646,556,1278
134.51801772794653,293,1104
134.52909613801657,508,1059
134.5401745480866,541,1104
134.55125295815668,435,1153
134.56233136822672,682,1259
134.57340977829676,710,1168
134.58448818836683,711,1106
134.59556659843687,711,1097
134.60664500850692,588,1090
134.617723418577,478,1138
134.62880182864703,421,1074
134.6398802387171,711,1169
134.65095864878714,554,1106
134.66203705885718,554,1105
134.67311546892725,540,1058
134.6841938789973,280,1153
134.69527228906736,278,1059
134.7063506991374,276,1264
134.71742910920744,501,1137
134.7285075192775,275,1106
134.73958592934756,398,1169
134.7506643394176,271,1192
134.76174274948767,271,1231
134.7728211595577,399,1114
134.78389956962775,390,1161
134.79497797969782,336,1231
134.80605638976786,398,1261
134.8171347998379,398,1279
134.82821320990797,540,1184
134.839291619978,258,1211
134.85037003004808,258,1215
134.86144844011812,252,1192
134.87252685018817,253,1106
134.8836052602582,252,1261
134.89468367032828,454,1261
134.90576208039832,399,1260
134.91684049046836,462,1263
134.92791890053843,531,1262
134.93899731060847,399,1262
134.95007572067854,509,1254
134.96115413074858,554,1263
134.97223254081865,524,1262
134.9833109508887,509,1222
134.99438936095873,510,1262
135.00546777102878,547,1216
135.01654618109885,233,1261
135.0276245911689,320,1239
135.03870300123893,241,1240
135.049781411309,231,1263
135.06085982137904,632,1263
135.0719382314491,666,1247
135.08301664151915,711,1176
135.0940950515892,696,1137
135.10517346165926,681,1123
135.1162518717293,681,1216
135.12733028179935,666,1168
135.13840869186942,682,1144
135.14948710193946,697,1247
135.1605655120095,712,1247
135.17164392207957,774,1200
135.1827223321496,714,1223
135.19380074221965,713,1122
135.20487915228972,572,1153
135.21595756235976,632,1263
135.2270359724298,662,1339
135.23811438249987,711,1254
135.24919279256991,666,1340
135.26027120263998,681,1341
135.27134961271003,711,1261
135.2824280227801,710,1261
135.29350643285014,710,1200
135.30458484292018,713,1152
135.31566325299022,697,1176
135.3267416630603,713,1254
135.33782007313033,697,1232
135.34889848320037,712,1216
135.35997689327044,711,1223
135.37105530334048,710,1215
135.38213371341055,713,1192
135.3932121234806,711,1122
135.40429053355064,712,1262
135.4153689436207,681,1192
135.42644735369075,711,1240
135.4375257637608,686,1205
135.44860417383086,705,1247
135.4596825839009,674,1208
135.47076099397094,696,1122
135.481839404041,693,1262
135.49291781411105,692,1260
135.5039962241811,679,1176
135.51507463425116,690,1278
135.5261530443212,683,1261
135.53723145439128,685,1200
135.54830986446132,683,1200
135.55938827453136,672,1262
135.57046668460143,676,1262
135.58154509467147,652,1207
135.5926235047415,630,1262
135.60370191481158,611,1263
135.61478032488162,663,1261
135.62585873495166,639,1261
135.63693714502173,623,1215
135.64801555509177,609,1261
135.65909396516182,582,1200
135.67017237523189,584,1200
135.68125078530193,554,1236
135.692329195372,522,1184
135.70340760544204,524,1231
135.71448601551208,514,1137
135.72556442558215,496,1216
135.7366428356522,472,1262
135.74772124572223,466,1261
135.7587996557923,448,1263
135.76987806586234,467,1260
135.78095647593238,405,1263
135.79203488600245,414,1253
135.8031132960725,558,1264
135.81419170614254,555,1241
135.8252701162126,422,1247
135.83634852628265,540,1203
135.84742693635272,547,1247
135.85850534642276,604,1191
135.8695837564928,598,1186
135.88066216656284,597,1207
135.8917405766329,576,1198
135.90281898670295,496,1190
135.913897396773,287,1172
135.92497580684307,282,1192
135.9360542169131,286,1184
135.94713262698318,274,1190
135.95821103705322,273,1206
135.9692894471233,580,1210
135.98036785719333,258,1220
135.99144626726337,399,1234
136.00252467733344,245,1223
136.01360308740348,461,1239
136.02468149747352,398,1231
136.0357599075436,257,1231
136.04683831761363,583,1209
136.05791672768368,582,1202
136.06899513775375,581,1215
136.0800735478238,583,1191
136.09115195789383,398,1175
136.1022303679639,473,1183
136.11330877803394,579,1181
136.12438718810398,581,1183
136.13546559817405,578,1177
136.1465440082441,575,1153
136.15762241831413,578,1169
136.1687008283842,583,1169
136.17977923845424,585,1108
136.1908576485243,583,1181
136.20193605859436,581,1174
136.2130144686644,579,1172
136.22409287873444,580,1176
136.2351712888045,580,1129
136.24624969887455,556,1181
136.25732810894462,512,1192
136.26840651901466,579,1206
136.27948492908473,568,1211
136.29056333915477,545,1213
136.3016417492248,585,1210
136.31272015929486,583,1214
136.32379856936493,582,1217
136.33487697943497,586,1220
136.345955389505,582,1144
136.35703379957508,583,1184
136.36811220964512,557,1217
136.3791906197152,582,1216
136.39026902978523,477,1201
136.40134743985527,556,1177
136.41242584992534,400,1203
136.42350425999538,555,1197
136.43458267006542,233,1143
136.4456610801355,233,1160
136.45673949020554,238,1132
136.46781790027558,544,1130
136.47889631034565,431,1136
136.4899747204157,540,1136
136.50105313048573,581,1125
136.5121315405558,581,1124
136.52320995062584,556,1112
136.5342883606959,558,1115
136.54536677076595,557,1115
136.556445180836,557,1124
136.56752359090606,556,1126
136.5786020009761,581,1138
136.58968041104615,578,1130
136.60075882111622,466,1107
136.61183723118626,505,1131
136.6229156412563,206,1126
136.63399405132637,204,1137
136.6450724613964,206,1130
136.65615087146645,203,1124
136.66722928153652,400,1122
136.67830769160656,446,1129
136.68938610167663,456,1127
136.70046451174667,557,1119
136.71154292181672,547,1130
136.72262133188678,574,1146
136.73369974195683,556,1145
136.74477815202687,556,1156
136.75585656209694,574,1165
136.76693497216698,576,1170
136.77801338223702,524,1167
136.7890917923071,555,1158
136.80017020237713,476,1137
136.81124861244717,196,1169
136.82232702251724,554,1163
136.83340543258728,555,1163
136.84448384265733,555,1150
136.8555622527274,580,1156
136.86664066279744,582,1156
136.87771907286748,556,1161
136.88879748293755,557,1165
136.8998758930076,557,1170
136.91095430307763,459,1170
136.9220327131477,525,1181
136.93311112321774,555,1192
136.9441895332878,556,1196
136.95526794335785,557,1207
136.96634635342792,460,1199
136.97742476349796,413,1214
136.988503173568,187,1205
136.99958158363808,460,1197
137.01065999370812,433,1205
137.02173840377816,554,1185
137.03281681384823,586,1190
137.04389522391827,554,1188
137.0549736339883,453,1137
137.06605204405838,415,1181
137.07713045412842,466,1179
137.08820886419846,452,1178
137.09928727426853,454,1122
137.11036568433857,454,1152
137.12144409440862,436,1186
137.1325225044787,448,1195
137.14360091454873,383,1212
137.15467932461877,284,1199
137.16575773468884,238,1195
137.17683614475888,351,1211
137.18791455482892,387,1232
137.198992964899,585,1243
137.21007137496903,600,1253
137.22114978503907,600,1276
137.23222819510914,604,1291
137.24330660517919,554,1253
137.25438501524926,605,1293
137.2654634253193,456,1263
137.27654183538937,555,1227
137.2876202454594,547,1264
137.29869865552945,463,1260
137.30977706559952,508,1310
137.32085547566956,522,1310
137.3319338857396,543,1293
137.34301229580967,558,1278
137.3540907058797,564,1279
137.36516911594975,566,1262
137.37624752601982,587,1231
137.38732593608987,634,1256
137.3984043461599,601,1254
137.40948275622998,600,1244
137.42056116630002,635,1234
137.43163957637006,643,1230
137.44271798644013,618,1184
137.45379639651017,629,1184
137.4648748065802,647,1262
137.47595321665028,639,1257
137.48703162672032,648,1250
137.49811003679037,621,1264
137.50918844686043,618,1261
137.52026685693048,638,1293
137.53134526700052,644,1331
137.5424236770706,663,1317
137.55350208714063,664,1261
137.5645804972107,670,1261
137.57565890728074,666,1309
137.58673731735078,671,1262
137.59781572742085,670,1263
137.6088941374909,666,1278
137.61997254756093,667,1231
137.631050957631,667,1261
137.64212936770105,666,1144
137.65320777777112,565,1213
137.66428618784116,335,1259
137.6753645979112,240,1261
137.68644300798127,642,1255
137.6975214180513,610,1152
137.70859982812135,670,1245
137.71967823819142,554,1261
137.73075664826146,579,1152
137.7418350583315,677,1152
137.75291346840157,676,1168
137.76399187847161,592,1152
137.77507028854166,603,1260
137.78614869861173,398,1247
137.79722710868177,587,1153
137.8083055187518,554,1191
137.81938392882188,682,1223
137.83046233889192,308,1183
137.84154074896196,277,1245
137.85261915903203,301,1262
137.8636975691021,306,1199
137.8747759791721,278,1262
137.88585438924218,268,1247
137.89693279931222,603,1168
137.90801120938227,556,1246
137.91908961945234,555,1215
137.93016802952238,443,1260
137.94124643959245,555,1261
137.9523248496625,540,1260
137.96340325973256,284,1253
137.9744816698026,398,1261
137.98556007987264,493,1128
137.9966384899427,284,1152
138.00771690001275,274,1261
138.0187953100828,350,1260
138.02987372015286,294,1200
138.0409521302229,291,1264
138.05203054029295,691,1184
138.06310895036302,610,1260
138.07418736043306,646,1137
138.0852657705031,618,1260
138.09634418057317,603,1200
138.1074225906432,587,1222
138.11850100071325,556,1245
138.12957941078332,572,1199
138.14065782085336,557,1167
138.15173623092343,554,1168
138.16281464099347,557,1260
138.17389305106352,634,1176
138.18497146113356,672,1160
138.19604987120363,670,1383
138.20712828127367,667,1215
138.2182066913437,667,1246
138.22928510141378,665,1260
138.24036351148382,661,1207
138.2514419215539,658,1262
138.26252033162393,653,1152
138.273598741694,648,1260
138.28467715176404,647,1260
138.29575556183408,622,1278
138.30683397190415,643,1145
138.3179123819742,640,1263
138.32899079204424,640,1232
138.3400692021143,641,1261
138.35114761218435,637,1260
138.3622260222544,633,1253
138.37330443232446,630,1239
138.3843828423945,629,1199
138.39546125246454,629,1184
138.4065396625346,630,1214
138.41761807260465,628,1260
138.4286964826747,580,1215
138.43977489274477,556,1230
138.4508533028148,555,1153
138.46193171288485,557,1153
138.47301012295492,398,1263
138.48408853302496,243,1264
138.495166943095,349,1247
138.50624535316507,477,1207
138.5173237632351,634,1271
138.52840217330515,603,1200
138.53948058337522,233,1356
138.55055899344526,235,1262
138.56163740351533,233,1285
138.57271581358538,554,1329
138.58379422365545,313,1309
138.5948726337255,226,1311
138.60595104379553,226,1289
138.6170294538656,313,1262
138.62810786393564,216,1312
138.63918627400568,593,1262
138.65026468407575,587,1262
138.6613430941458,424,1262
138.67242150421583,207,1263
138.6834999142859,202,1299
138.69457832435594,642,1313
138.705656734426,643,1321
138.71673514449606,643,1331
138.7278135545661,655,1328
138.73889196463614,634,1343
138.7499703747062,546,1340
138.76104878477625,528,1262
138.7721271948463,613,1254
138.78320560491636,510,1348
138.7942840149864,517,1310
138.80536242505644,519,1262
138.8164408351265,519,1263
138.82751924519656,507,1253
138.8385976552666,524,1261
138.84967606533667,554,1260
138.86075447540674,485,1152
138.87183288547675,165,1262
138.88291129554682,160,1270
138.89398970561686,472,1263
138.90506811568693,555,1178
138.91614652575697,509,1261
138.927224935827,509,1335
138.93830334589708,511,1324
138.94938175596712,523,1325
138.9604601660372,507,1326
138.97153857610724,509,1262
138.98261698617728,519,1261
138.99369539624735,538,1308
139.0047738063174,553,1298
139.01585221638743,576,1297
139.0269306264575,595,1261
139.03800903652754,567,1298
139.04908744659758,575,1298
139.06016585666765,577,1304
139.0712442667377,580,1305
139.08232267680773,586,1303
139.0934010868778,597,1310
139.10447949694785,614,1270
139.1155579070179,617,1261
139.12663631708796,620,1261
139.137714727158,626,1262
139.14879313722807,626,1261
139.1598715472981,623,1245
139.17094995736815,625,1262
139.1820283674382,637,1247
139.19310677750826,618,1262
139.2041851875783,612,1317
139.21526359764835,617,1262
139.22634200771842,618,1328
139.23742041778846,613,1329
139.24849882785853,607,1333
139.25957723792857,610,1332
139.27065564799864,605,1336
139.28173405806868,603,1260
139.29281246813872,605,1261
139.3038908782088,600,1261
139.31496928827883,599,1277
139.32604769834887,599,1261
139.33712610841894,601,1223
139.34820451848898,605,1231
139.35928292855903,606,1261
139.3703613386291,603,1261
139.38143974869914,599,1199
139.39251815876918,601,1260
139.40359656883925,598,1293
139.4146749789093,595,1296
139.42575338897933,307,1263
139.4368317990494,595,1215
139.44791020911944,601,1260
139.45898861918948,597,1262
139.47006702925955,218,1260
139.4811454393296,593,1294
139.49222384939964,594,1263
139.5033022594697,593,1271
139.51438066953975,593,1261
139.5254590796098,594,1215
139.53653748967986,593,1152
139.5476158997499,555,1227
139.55869430981997,595,1168
139.56977271989,594,1153
139.58085112996008,575,1199
139.59192954003012,343,1301
139.60300795010016,316,1262
139.61408636017023,398,1285
139.62516477024027,596,1262
139.63624318031032,597,1260
139.6473215903804,597,1263
139.65840000045043,598,1294
139.66947841052047,461,1262
139.68055682059054,554,1196
139.69163523066058,598,1152
139.70271364073062,599,1262
139.7137920508007,599,1263
139.72487046087073,602,1246
139.73594887094077,601,1253
139.74702728101084,601,1168
139.75810569108089,579,1319
139.76918410115093,593,1321
139.780262511221,343,1323
139.79134092129104,601,1270
139.80241933136108,604,1246
139.81349774143115,555,1263
139.8245761515012,602,1207
139.83565456157123,556,1261
139.8467329716413,438,1237
139.85781138171137,398,1253
139.8688897917814,229,1278
139.87996820185145,229,1263
139.8910466119215,557,1309
139.90212502199157,608,1184
139.9132034320616,609,1247
139.92428184213165,375,1277
139.93536025220172,575,1246
139.94643866227176,408,1218
139.95751707234183,563,1297
139.96859548241187,248,1299
139.9796738924819,398,1213
139.99075230255198,249,1214
140.00183071262202,571,1158
140.01290912269207,606,1161
140.02398753276213,555,1245
140.03506594283218,398,1166
140.04614435290222,398,1183
140.0572227629723,320,1175
140.06830117304233,243,1173
140.07937958311237,461,1173
140.09045799318244,594,1170
140.10153640325248,555,1163
140.11261481332252,602,1175
140.1236932233926,232,1167
140.13477163346263,571,1155
140.1458500435327,446,1152
140.15692845360275,571,1121
140.1680068636728,600,1144
140.17908527374283,601,1143
140.1901636838129,600,1133
140.20124209388294,579,1118
140.21232050395298,576,1144
140.22339891402305,597,1130
140.2344773240931,596,1122
140.24555573416316,599,1119
140.2566341442332,602,1124
140.26771255430327,597,1134
140.27879096437331,595,1116
140.28986937444336,590,1128
140.30094778451343,691,1125
140.31202619458347,603,1129
140.3231046046535,597,1127
140.33418301472358,686,1136
140.34526142479362,591,1154
140.35633983486366,588,1148
140.36741824493373,589,1156
140.37849665500377,587,1154
140.3895750650738,586,1154
140.40065347514388,584,1153
140.41173188521392,585,1137
140.42281029528397,665,1097
140.43388870535404,634,1105
140.44496711542408,602,1120
140.45604552549412,697,1105
140.4671239355642,585,1106
140.47820234563423,585,1098
140.48928075570427,586,1104
140.50035916577434,584,1104
140.51143757584438,582,1101
140.52251598591442,586,1099
140.5335943959845,581,1100
140.54467280605454,583,1107
140.5557512161246,582,1119
140.56682962619465,583,1115
140.57790803626472,579,1129
140.58898644633476,580,1130
140.6000648564048,578,1129
140.61114326647487,581,1129
140.6222216765449,581,1130
140.63330008661495,581,1135
140.64437849668502,577,1133
140.65545690675506,579,1129
140.6665353168251,587,1125
140.67761372689517,583,1125
140.68869213696522,681,1122
140.69977054703526,602,1120
140.71084895710533,710,1121
140.72192736717537,618,1120
140.7330057772454,664,1120
140.74408418731548,585,1126
140.75516259738552,587,1164
140.76624100745556,586,1125
140.77731941752563,689,1122
140.78839782759567,676,1127
140.79947623766571,678,1127
140.81055464773578,669,1130
140.82163305780583,583,1129
140.83271146787587,583,1128
140.84378987794594,655,1127
140.854868288016,626,1122
140.86594669808605,640,1122
140.8770251081561,629,1130
140.88810351822613,615,1125
140.8991819282962,619,1124
140.91026033836624,597,1115
140.92133874843628,579,1113
140.93241715850635,623,1115
140.9434955685764,610,1115
140.95457397864647,579,1115
140.9656523887165,577,1114
140.97673079878655,566,1114
140.98780920885662,556,1115
140.99888761892666,555,1117
141.0099660289967,551,1119
141.02104443906677,535,1118
141.0321228491368,510,1124
141.04320125920685,516,1121
141.05427966927692,563,1122
141.06535807934696,578,1122
141.076436489417,574,1124
141.08751489948708,556,1128
141.09859330955712,574,1135
141.10967171962716,477,1136
141.12075012969723,526,1134
141.13182853976727,468,1132
141.14290694983734,458,1133
141.15398535990738,454,1135
141.16506376997745,444,1134
141.17614218004746,431,1131
141.18722059011753,418,1131
141.19829900018757,413,1152
141.20937741025762,404,1127
141.2204558203277,586,1126
141.23153423039773,590,1124
141.2426126404678,589,1126
141.25369105053784,589,1128
141.2647694606079,589,1127
141.27584787067795,592,1132
141.286926280748,592,1134
141.29800469081806,592,1135
141.3090831008881,573,1131
141.32016151095814,571,1133
141.3312399210282,594,1130
141.34231833109826,493,1137
141.3533967411683,378,1131
141.36447515123837,414,1130
141.3755535613084,555,1131
141.38663197137845,575,1127
141.39771038144852,595,1120
141.40878879151856,554,1116
141.4198672015886,571,1113
141.43094561165867,428,1115
141.4420240217287,555,1114
141.45310243179875,453,1121
141.46418084186882,555,1106
141.47525925193887,461,1109
141.48633766200894,473,1108
141.49741607207898,485,1114
141.50849448214902,554,1183
141.51957289221906,596,1125
141.53065130228913,470,1127
141.54172971235917,504,1128
141.55280812242924,553,1135
141.56388653249928,579,1122
141.57496494256935,540,1127
141.5860433526394,556,1133
141.59712176270943,555,1199
141.6082001727795,571,1132
141.61927858284955,588,1127
141.6303569929196,587,1129
141.64143540298966,587,1132
141.6525138130597,545,1123
141.66359222312974,554,1116
141.6746706331998,558,1118
141.68574904326985,572,1114
141.6968274533399,583,1222
141.70790586340996,562,1113
141.71898427348,567,1114
141.73006268355005,573,1110
141.74114109362012,580,1114
141.75221950369016,589,1115
141.7632979137602,600,1114
141.77437632383027,603,1113
141.7854547339003,618,1119
141.79653314397035,622,1121
141.80761155404042,627,1126
141.81868996411046,639,1108
141.8297683741805,571,1108
141.84084678425057,566,1109
141.85192519432064,618,1124
141.86300360439068,594,1092
141.87408201446073,553,1120
141.88516042453077,616,1112
141.89623883460084,580,1111
141.90731724467088,564,1092
141.91839565474092,555,1085
141.929474064811,627,1103
141.94055247488103,588,1144
141.9516308849511,574,1137
141.96270929502114,560,1083
141.97378770509118,547,1105
141.98486611516125,528,1089
141.9959445252313,519,1094
142.00702293530134,515,1097
142.0181013453714,531,1101
142.02917975544145,485,1110
142.0402581655115,473,1115
142.05133657558156,466,1121
142.0624149856516,460,1118
142.07349339572164,450,1128
142.0845718057917,526,1114
142.09565021586175,441,1120
142.1067286259318,428,1135
142.11780703600186,476,1138
142.1288854460719,523,1139
142.13996385614197,525,1144
142.15104226621202,476,1142
142.1621206762821,515,1152
142.1731990863521,380,1144
142.18427749642217,527,1125
142.1953559064922,528,1112
142.20643431656225,527,1108
142.21751272663232,525,1106
142.22859113670236,372,1096
142.23966954677243,449,1091
142.25074795684247,383,1098
142.26182636691254,523,1096
142.27290477698259,386,1104
142.28398318705263,524,1080
142.2950615971227,524,1103
142.30614000719274,491,1104
142.31721841726278,522,1093
142.32829682733285,523,1085
142.3393752374029,524,1086
142.35045364747293,479,1104
142.361532057543,524,1092
142.37261046761304,527,1102
142.38368887768308,527,1110
142.39476728775315,420,1115
142.4058456978232,527,1105
142.41692410789324,417,1109
142.4280025179633,531,1115
142.43908092803335,416,1137
142.45015933810342,411,1125
142.46123774817346,400,1129
142.4723161582435,500,1137
142.48339456831357,530,1146
142.4944729783836,532,1130
142.50555138845365,534,1110
142.5166297985237,534,1107
142.52770820859376,539,1120
142.5387866186638,536,1115
142.54986502873388,367,1107
142.56094343880392,541,1097
142.572021848874,541,1105
142.58310025894403,384,1090
142.59417866901407,380,1083
142.60525707908414,381,1103
142.61633548915418,391,1104
142.62741389922422,540,1261
142.6384923092943,539,1168
142.64957071936433,547,1260
142.66064912943438,547,1227
142.67172753950445,546,1108
142.6828059495745,546,1106
142.69388435964453,428,1104
142.7049627697146,542,1107
142.71604117978464,492,1099
142.72711958985468,540,1097
142.73819799992475,538,1101
142.7492764099948,535,1102
142.76035482006483,493,1104
142.7714332301349,508,1103
142.78251164020494,532,1105
142.79359005027501,531,1105
142.80466846034506,532,1106
142.8157468704151,527,1108
142.82682528048514,525,1107
142.8379036905552,525,1107
142.84898210062528,523,1106
142.86006051069532,521,1106
142.87113892076536,516,1103
142.8822173308354,515,1105
142.89329574090547,514,1105
142.9043741509755,508,1108
142.91545256104558,444,1158
142.92653097111562,505,1107
142.93760938118567,439,1096
142.94868779125574,434,1088
142.95976620132578,471,1110
142.97084461139582,499,1099
142.9819230214659,502,1081
142.99300143153593,503,1104
143.00407984160597,495,1108
143.01515825167604,496,1079
143.02623666174608,495,1074
143.03731507181612,492,1081
143.0483934818862,496,1087
143.05947189195624,494,1106
143.07055030202628,493,1089
143.08162871209635,493,1096
143.0927071221664,497,1120
143.10378553223643,439,1103
143.1148639423065,490,1102
143.12594235237654,408,1104
143.1370207624466,489,1105
143.14809917251665,495,1108
143.1591775825867,494,1109
143.17025599265673,492,1103
143.1813344027268,491,1080
143.19241281279687,490,1096
143.20349122286692,494,1104
143.21456963293696,462,1103
143.22564804300703,490,1070
143.23672645307707,490,1104
143.2478048631471,480,1104
143.25888327321718,490,1083
143.26996168328722,494,1081
143.28104009335726,489,1107
143.29211850342733,489,1080
143.30319691349737,476,1104
143.31427532356741,489,1106
143.32535373363748,500,1106
143.33643214370753,510,1105
143.34751055377757,497,1079
143.35858896384764,506,1105
143.36966737391768,510,1107
143.38074578398772,516,1108
143.3918241940578,517,1106
143.40290260412783,522,1089
143.41398101419787,523,1108
143.42505942426794,514,1107
143.43613783433798,524,1115
143.44721624440803,525,1109
143.4582946544781,506,1076
143.46937306454814,508,1108
143.4804514746182,520,1105
143.49152988468825,515,1105
143.50260829475832,521,1108
143.51368670482833,514,1105
143.5247651148984,515,1191
143.53584352496844,525,1108
143.5469219350385,515,1104
143.55800034510855,514,1107
143.56907875517862,518,1105
143.58015716524866,517,1105
143.5912355753187,516,1103
143.60231398538878,517,1103
143.61339239545882,519,1105
143.62447080552886,520,1108
143.63554921559893,518,1076
143.64662762566897,519,1107
143.657706035739,521,1107
143.66878444580908,522,1104
143.67986285587912,524,1104
143.69094126594916,525,1083
143.70201967601923,529,1105
143.71309808608927,516,1104
143.72417649615932,516,1082
143.7352549062294,512,1104
143.74633331629943,530,1090
143.75741172636947,530,1094
143.76849013643954,531,1093
143.77956854650958,533,1104
143.79064695657965,528,1100
143.8017253666497,519,1101
143.81280377671973,527,1112
143.82388218678977,525,1116
143.83496059685984,526,1116
143.8460390069299,530,1120
143.85711741699996,525,1118
143.86819582707,524,1125
143.87927423714004,526,1122
143.8903526472101,522,1118
143.90143105728015,520,1132
143.91250946735022,512,1127
143.92358787742026,511,1106
143.9346662874903,524,1110
143.94574469756037,504,1110
143.9568231076304,520,1119
143.96790151770045,493,1128
143.97897992777052,488,1129
143.99005833784057,476,1141
144.0011367479106,460,1118
144.01221515798068,450,1140
144.02329356805072,445,1146
144.03437197812076,429,1159
144.04545038819083,429,1160
144.05652879826087,409,1112
144.0676072083309,415,1177
144.07868561840098,384,1186
144.08976402847102,515,1130
144.10084243854106,514,1089
144.11192084861113,517,1090
144.12299925868118,515,1084
144.13407766875125,516,1067
144.1451560788213,515,1066
144.15623448889136,353,1104
144.16731289896137,515,1114
144.17839130903144,366,1103
144.1894697191015,383,1073
144.20054812917155,388,1104
144.2116265392416,414,1105
144.22270494931166,424,1071
144.2337833593817,443,1076
144.24486176945175,469,1105
144.25594017952182,500,1106
144.26701858959186,517,1105
144.2780969996619,521,1103
144.28917540973197,522,1108
144.300253819802,573,1095
144.31133222987205,569,1107
144.32241063994212,551,1105
144.33348905001216,561,1106
144.3445674600822,591,1102
144.35564587015227,618,1111
144.36672428022231,634,1107
144.37780269029236,652,1124
144.38888110036243,664,1120
144.39995951043247,665,1132
144.4110379205025,695,1135
144.42211633057258,680,1133
144.43319474064262,642,1139
144.4442731507127,571,1140
144.45535156078273,711,1148
144.46642997085277,556,1156
144.47750838092284,571,1163
144.48858679099288,711,1170
144.49966520106295,555,1136
144.510743611133,712,1147
144.52182202120304,711,1156
144.53290043127308,665,1145
144.54397884134315,555,1134
144.5550572514132,555,1128
144.56613566148326,673,1127
144.5772140715533,652,1124
144.58829248162334,614,1121
144.5993708916934,592,1121
144.61044930176345,587,1108
144.6215277118335,639,1124
144.63260612190356,536,1131
144.6436845319736,571,1138
144.65476294204365,546,1143
144.66584135211372,518,1136
144.67691976218376,499,1096
144.6879981722538,472,1143
144.69907658232387,451,1142
144.7101549923939,469,1111
144.72123340246395,539,1083
144.73231181253402,539,1106
144.74339022260406,406,1105
144.7544686326741,547,1105
144.76554704274417,547,1105
144.77662545281422,480,1106
144.78770386288429,548,1104
144.79878227295433,398,1103
144.80986068302437,551,1103
144.8209390930944,551,1071
144.83201750316448,549,1091
144.84309591323455,399,1076
144.8541743233046,397,1083
144.86525273337463,547,1095
144.87633114344467,548,1103
144.88740955351474,549,1099
144.89848796358478,551,1096
144.90956637365485,555,1113
144.9206447837249,548,1113
144.93172319379494,541,1135
144.942801603865,537,1124
144.95388001393505,536,1117
144.9649584240051,534,1115
144.97603683407516,529,1126
144.9871152441452,526,1098
144.99819365421524,353,1099
145.0092720642853,443,1104
145.02035047435535,520,1076
145.0314288844254,454,1073
145.04250729449546,379,1096
145.0535857045655,385,1152
145.06466411463555,398,1080
145.07574252470562,512,1069
145.08682093477566,510,1090
145.0978993448457,462,1095
145.10897775491577,472,1103
145.1200561649858,499,1109
145.13113457505588,498,1101
145.14221298512592,499,1106
145.153291395196,495,1107
145.164369805266,492,1103
145.17544821533608,471,1097
145.18652662540615,475,1103
145.1976050354762,487,1095
145.20868344554623,475,1094
145.2197618556163,486,1088
145.23084026568634,486,1089
145.24191867575638,487,1175
145.25299708582645,486,1106
145.2640754958965,484,1104
145.27515390596653,480,1104
145.2862323160366,477,1071
145.29731072610664,476,1108
145.3083891361767,477,1105
145.31946754624676,438,1105
145.3305459563168,460,1089
145.34162436638684,451,1096
145.3527027764569,442,1067
145.36378118652695,425,1065
145.374859596597,408,1062
145.38593800666706,397,1062
145.3970164167371,390,1108
145.40809482680714,417,1105
145.4191732368772,385,1105
145.43025164694726,393,1105
145.44133005701732,389,1107
145.45240846708737,383,1096
145.4634868771574,382,1058
145.47456528722748,351,1106
145.48564369729752,351,1106
145.4967221073676,358,1105
145.50780051743763,355,1089
145.51887892750767,396,1107
145.5299573375777,349,1106
145.54103574764778,342,1104
145.55211415771782,339,1107
145.5631925677879,273,1105
145.57427097785794,329,1096
145.58534938792798,397,1105
145.59642779799805,399,1152
145.6075062080681,458,1080
145.61858461813813,463,1105
145.6296630282082,436,1107
145.64074143827824,445,1099
145.65181984834828,429,1097
145.66289825841835,398,1103
145.6739766684884,463,1098
145.68505507855843,469,1103
145.6961334886285,466,1108
145.70721189869855,468,1107
145.7182903087686,467,1105
145.72936871883866,468,1099
145.7404471289087,407,1097
145.75152553897874,469,1104
145.7626039490488,472,1091
145.77368235911885,473,1109
145.78476076918892,480,1089
145.79583917925896,474,1121
145.80691758932903,481,1106
145.81799599939905,483,1106
145.82907440946911,493,1107
145.84015281953918,495,1106
145.85123122960923,475,1107
145.86230963967927,398,1107
145.87338804974934,494,1107
145.88446645981938,498,1109
145.89554486988942,447,1104
145.9066232799595,376,1168
145.91770169002953,255,1108
145.92878010009957,260,1108
145.93985851016964,512,1177
145.95093692023968,519,1121
145.96201533030973,520,1107
145.9730937403798,514,1114
145.98417215044984,527,1085
145.99525056051988,528,1104
146.00632897058995,528,1106
146.01740738066,532,1103
146.02848579073003,537,1093
146.0395642008001,376,1105
146.05064261087014,320,1159
146.06172102094018,453,1100
146.07279943101025,390,1087
146.0838778410803,429,1101
146.09495625115034,449,1101
146.1060346612204,348,1110
146.11711307129045,392,1107
146.12819148136052,452,1143
146.13926989143056,548,1199
146.15034830150063,553,1128
146.16142671157067,504,1108
146.1725051216407,537,1108
146.18358353171078,557,1114
146.19466194178082,559,1109
146.20574035185086,576,1136
146.21681876192093,590,1129
146.22789717199097,602,1112
146.23897558206102,571,1135
146.2500539921311,563,1122
146.26113240220113,652,1132
146.27221081227117,564,1145
146.28328922234124,579,1142
146.29436763241128,567,1149
146.30544604248132,563,1161
146.3165244525514,564,1163
146.32760286262143,565,1164
146.33868127269147,564,1160
146.34975968276154,564,1157
146.36083809283159,565,1158
146.37191650290163,570,1166
146.3829949129717,567,1154
146.39407332304174,568,1153
146.40515173311178,571,1153
146.41623014318185,567,1108
146.4273085532519,571,1153
146.43838696332196,569,1154
146.449465373392,555,1153
146.46054378346204,568,1109
146.4716221935321,571,1154
146.48270060360215,554,1145
146.49377901367222,555,1144
146.50485742374227,516,1145
146.5159358338123,557,1138
146.52701424388235,546,1148
146.53809265395242,571,1136
146.54917106402246,563,1118
146.56024947409253,573,1137
146.57132788416257,575,1132
146.5824062942326,582,1111
146.59348470430268,223,1113
146.60456311437272,228,1114
146.61564152444276,573,1100
146.62671993451283,398,1105
146.63779834458288,573,1106
146.64887675465292,572,1103
146.659955164723,572,1103
146.67103357479303,573,1104
146.68211198486307,575,1104
146.69319039493314,574,1105
146.70426880500318,575,1098
146.71534721507322,570,1104
146.7264256251433,366,1114
146.73750403521333,566,1121
146.74858244528338,575,1214
146.75966085535345,251,1119
146.7707392654235,505,1117
146.78181767549356,574,1124
146.7928960855636,249,1133
146.80397449563367,577,1119
146.8150529057037,577,1124
146.82613131577375,577,1118
146.83720972584382,575,1114
146.84828813591386,564,1123
146.8593665459839,564,1121
146.87044495605397,574,1121
146.88152336612401,573,1116
146.89260177619406,572,1121
146.90368018626413,573,1135
146.91475859633417,574,1134
146.9258370064042,555,1136
146.93691541647428,476,1137
146.94799382654432,475,1134
146.95907223661436,564,1137
146.97015064668443,574,1127
146.98122905675447,571,1118
146.9923074668245,571,1105
147.00338587689458,571,1092
147.01446428696462,572,1093
147.02554269703467,564,1087
147.03662110710474,571,1085
147.04769951717478,571,1107
147.05877792724482,563,1107
147.0698563373149,556,1115
147.08093474738493,572,1108
147.092013157455,574,1107
147.10309156752504,573,1079
147.11416997759508,572,1106
147.12524838766515,398,1106
147.1363267977352,477,1104
147.14740520780526,523,1105
147.1584836178753,554,1107
147.16956202794535,397,1106
147.18064043801542,476,1108
147.19171884808546,398,1105
147.2027972581555,398,1104
147.21387566822557,556,1104
147.2249540782956,262,1105
147.23603248836565,500,1081
147.24711089843572,555,1087
147.25818930850576,304,1105
147.2692677185758,555,1104
147.28034612864587,565,1089
147.29142453871592,539,1104
147.30250294878596,282,1104
147.31358135885603,398,1105
147.32465976892607,398,1104
147.3357381789961,493,1109
147.34681658906618,563,1101
147.35789499913622,565,1114
147.36897340920626,563,1111
147.38005181927633,565,1111
147.39113022934637,563,1119
147.40220863941641,557,1127
147.41328704948648,563,1130
147.42436545955653,554,1140
147.4354438696266,554,1137
147.44652227969664,565,1134
147.45760068976668,553,1137
147.46867909983675,476,1124
147.4797575099068,351,1142
147.49083591997686,556,1125
147.5019143300469,555,1110
147.51299274011694,553,1110
147.524071150187,557,1102
147.53514956025705,555,1100
147.5462279703271,553,1104
147.55730638039716,332,1107
147.5683847904672,555,1104
147.57946320053725,555,1105
147.59054161060732,399,1100
147.60162002067736,556,1102
147.6126984307474,556,1092
147.62377684081747,398,1108
147.6348552508875,237,1107
147.64593366095755,397,1118
147.65701207102762,555,1118
147.66809048109766,556,1111
147.6791688911677,555,1112
147.69024730123778,555,1102
147.70132571130782,556,1113
147.71240412137786,556,1116
147.72348253144793,554,1108
147.73456094151797,572,1093
147.745639351588,572,1101
147.75671776165808,556,1106
147.76779617172812,573,1089
147.7788745817982,573,1090
147.78995299186823,574,1099
147.8010314019383,574,1095
147.81210981200834,222,1095
147.8231882220784,398,1105
147.83426663214846,328,1103
147.8453450422185,228,1107
147.85642345228854,232,1106
147.8675018623586,573,1103
147.87858027242865,563,1098
147.8896586824987,477,1093
147.90073709256876,568,1100
147.9118155026388,477,1105
147.92289391270884,577,1105
147.9339723227789,398,1090
147.94505073284896,571,1096
147.956129142919,555,1093
147.96720755298907,256,1097
147.9782859630591,399,1087
147.98936437312915,259,1106
148.00044278319922,256,1087
148.01152119326926,398,1105
148.0225996033393,556,1106
148.03367801340937,571,1118
148.0447564234794,556,1119
148.05583483354945,563,1112
148.06691324361952,572,1123
148.07799165368957,562,1127
148.08907006375964,554,1120
148.10014847382968,556,1138
148.11122688389972,571,1138
148.1223052939698,555,1148
148.13338370403983,567,1149
148.1444621141099,477,1152
148.15554052417994,566,1150
148.16661893424998,568,1147
148.17769734432005,563,1137
148.1887757543901,240,1136
148.19985416446013,563,1138
148.2109325745302,562,1121
148.22201098460025,562,1113
148.2330893946703,561,1128
148.24416780474036,562,1117
148.2552462148104,561,1110
148.26632462488044,559,1104
148.2774030349505,557,1105
148.28848144502055,559,1106
148.2995598550906,562,1100
148.31063826516066,642,1076
148.3217166752307,659,1106
148.33279508530075,642,1094
148.34387349537081,621,1106
148.35495190544086,602,1083
148.3660303155109,658,1107
148.37710872558097,629,1073
148.388187135651,589,1104
148.39926554572105,575,1059
148.41034395579112,560,1106
148.42142236586116,557,1109
148.43250077593123,556,1089
148.44357918600127,549,1096
148.45465759607134,538,1077
148.46573600614138,539,1110
148.47681441621143,555,1078
148.4878928262815,556,1108
148.49897123635154,550,1084
148.51004964642158,551,1086
148.52112805649165,553,1077
148.5322064665617,555,1099
148.54328487663173,520,1094
148.5543632867018,539,1101
148.56544169677184,557,1106
148.57652010684188,567,1098
148.58759851691195,581,1107
148.598676926982,589,1115
148.60975533705204,594,1114
148.6208337471221,603,1122
148.63191215719215,619,1118
148.6429905672622,619,1116
148.65406897733226,610,1132
148.6651473874023,559,1128
148.67622579747234,556,1129
148.6873042075424,558,1123
148.69838261761245,662,1128
148.7094610276825,398,1140
148.72053943775256,524,1143
148.7316178478226,461,1121
148.74269625789267,475,1146
148.75377466796272,446,1127
148.76485307803276,399,1141
148.77593148810283,551,1136
148.78700989817287,398,1128
148.79808830824294,461,1130
148.80916671831298,551,1119
148.82024512838302,550,1122
148.8313235384531,551,1119
148.84240194852313,553,1116
148.85348035859317,548,1115
148.86455876866324,450,1113
148.87563717873329,399,1116
148.88671558880333,548,1115
148.8977939988734,548,1115
148.90887240894344,546,1116
148.91995081901348,544,1117
148.93102922908355,545,1132
148.9421076391536,480,1124
148.95318604922363,546,1125
148.9642644592937,545,1133
148.97534286936374,540,1134
148.98642127943378,541,1108
148.99749968950385,541,1144
149.0085780995739,541,1145
149.01965650964394,553,1143
149.030734919714,540,1144
149.04181332978405,537,1150
149.0528917398541,536,1145
149.06397014992416,534,1136
149.0750485599942,534,1145
149.08612697006427,530,1145
149.0972053801343,531,1144
149.10828379020435,533,1144
149.11936220027442,529,1142
149.13044061034446,527,1109
149.14151902041453,529,1110
149.15259743048458,525,1120
149.16367584055462,527,1109
149.1747542506247,525,1125
149.18583266069473,524,1108
149.19691107076477,524,1120
149.20798948083484,525,1109
149.21906789090488,519,1138
149.23014630097492,519,1140
149.241224711045,521,1134
149.25230312111503,524,1132
149.26338153118508,526,1133
149.27445994125515,520,1130
149.2855383513252,520,1126
149.29661676139523,521,1129
149.3076951714653,520,1122
149.31877358153534,513,1110
149.32985199160538,515,1122
149.34093040167545,397,1120
149.3520088117455,516,1127
149.36308722181553,414,1126
149.3741656318856,517,1131
149.38524404195564,321,1126
149.3963224520257,320,1129
149.40740086209576,317,1126
149.4184792721658,319,1142
149.42955768223587,314,1141
149.4406360923059,312,1145
149.45171450237598,356,1145
149.46279291244602,509,1143
149.47387132251606,351,1121
149.48494973258613,507,1143
149.49602814265617,509,1143
149.5071065527262,508,1109
149.51818496279628,511,1140
149.52926337286632,315,1142
149.54034178293637,508,1131
149.55142019300644,506,1133
149.56249860307648,451,1115
149.57357701314652,336,1138
149.5846554232166,241,1118
149.59573383328663,240,1106
149.60681224335667,507,1106
149.61789065342674,554,1103
149.62896906349678,555,1109
149.64004747356682,620,1086
149.6511258836369,579,1097
149.66220429370694,539,1093
149.67328270377698,523,1096
149.68436111384705,507,1104
149.6954395239171,491,1105
149.70651793398713,498,1105
149.7175963440572,494,1070
149.72867475412724,491,1073
149.7397531641973,373,1070
149.75083157426735,471,1106
149.7619099843374,437,1077
149.77298839440746,415,1106
149.7840668044775,395,1106
149.79514521454757,374,1104
149.80622362461762,366,1103
149.81730203468766,337,1103
149.82838044475773,317,1089
149.83945885482777,320,1098
149.8505372648978,294,1101
149.86161567496788,490,1104
149.87269408503792,488,1100
149.88377249510796,490,1103
149.89485090517803,486,1103
149.90592931524807,283,1104
149.91700772531811,285,1104
149.92808613538818,286,1110
149.93916454545823,291,1136
149.95024295552827,295,1114
149.96132136559834,487,1120
149.97239977566838,554,1111
149.98347818573842,553,1114
149.9945565958085,483,1108
150.00563500587853,483,1110
150.01671341594857,488,1109
150.02779182601864,493,1107
150.03887023608868,547,1106
150.04994864615873,493,1109
150.0610270562288,493,1111
150.07210546629884,491,1108
150.0831838763689,489,1112
150.09426228643895,493,1109
150.10534069650902,492,1112
150.11641910657906,491,1112
150.1274975166491,496,1114
150.13857592671917,503,1121
150.1496543367892,503,1121
150.16073274685925,507,1126
150.17181115692932,556,1123
150.18288956699936,507,1109
150.1939679770694,502,1126
150.20504638713948,505,1129
150.21612479720952,510,1129
150.22720320727956,505,1130
150.23828161734963,365,1122
150.24936002741967,345,1089
150.2604384374897,340,1100
150.27151684755978,332,1079
150.28259525762982,326,1110
150.29367366769986,314,1100
150.30475207776993,382,1089
150.31583048783997,336,1090
150.32690889791002,300,1104
150.3379873079801,398,1103
150.34906571805013,510,1108
150.36014412812017,508,1090
150.37122253819024,390,1091
150.38230094826028,511,1104
150.39337935833035,508,1105
150.4044577684004,506,1107
150.41553617847043,506,1097
150.4266145885405,364,1107
150.43769299861054,504,1082
150.4487714086806,505,1106
150.45984981875066,221,1087
150.4709282288207,505,1086
150.48200663889077,505,1104
150.4930850489608,504,1096
150.50416345903085,502,1104
150.51524186910092,505,1104
150.52632027917096,504,1106
150.537398689241,505,1086
150.54847709931107,504,1096
150.5595555093811,500,1104
150.57063391945115,507,1104
150.58171232952122,504,1105
150.59279073959127,501,1095
150.6038691496613,502,1107
150.61494755973138,477,1107
150.62602596980142,398,1136
150.63710437987146,398,1106
150.64818278994153,501,1107
150.65926120001157,504,1105
150.6703396100816,507,1105
150.68141802015168,510,1107
150.69249643022172,509,1105
150.70357484029176,510,1104
150.71465325036183,510,1103
150.72573166043188,513,1108
150.73681007050195,509,1168
150.747888480572,509,1263
150.75896689064203,493,1108
150.7700453007121,511,1231
150.78112371078214,454,1104
150.7922021208522,508,1108
150.80328053092225,232,1109
150.8143589409923,514,1104
150.82543735106236,501,1107
150.8365157611324,348,1108
150.84759417120245,514,1105
150.85867258127251,513,1106
150.86975099134256,520,1103
150.8808294014126,516,1106
150.89190781148267,473,1105
150.9029862215527,517,1105
150.91406463162275,359,1095
150.92514304169282,309,1106
150.93622145176286,329,1084
150.9472998618329,398,1106
150.95837827190297,352,1087
150.969456681973,396,1106
150.98053509204306,329,1104
150.99161350211313,380,1105
151.00269191218317,387,1097
151.0137703222532,408,1107
151.02484873232328,424,1107
151.03592714239332,493,1123
151.04700555246336,522,1107
151.05808396253343,457,1105
151.06916237260347,461,1107
151.08024078267354,466,1093
151.09131919274358,473,1107
151.10239760281365,476,1108
151.1134760128837,520,1109
151.12455442295374,519,1089
151.1356328330238,476,1106
151.14671124309385,474,1107
151.1577896531639,499,1108
151.16886806323396,521,1105
151.179946473304,521,1104
151.19102488337404,525,1103
151.2021032934441,522,1104
151.21318170351415,523,1107
151.2242601135842,539,1086
151.23533852365426,521,1108
151.2464169337243,520,1108
151.25749534379435,523,1107
151.26857375386442,518,1114
151.27965216393446,547,1107
151.2907305740045,491,1103
151.30180898407457,461,1082
151.3128873941446,491,1136
151.32396580421465,454,1106
151.33504421428472,469,1089
151.34612262435476,519,1120
151.3572010344248,518,1108
151.36827944449487,442,1108
151.37935785456492,523,1160
151.39043626463499,519,1137
151.40151467470503,521,1105
151.41259308477507,522,1096
151.42367149484514,521,1085
151.43474990491518,520,1105
151.44582831498525,520,1106
151.4569067250553,521,1080
151.46798513512533,329,1107
151.4790635451954,348,1076
151.49014195526544,307,1108
151.50122036533548,302,1103
151.51229877540555,303,1107
151.5233771854756,367,1104
151.53445559554564,345,1106
151.5455340056157,523,1108
151.55661241568575,523,1096
151.5676908257558,336,1108
151.57876923582586,329,1107
151.5898476458959,330,1104
151.60092605596594,290,1092
151.612004466036,326,1107
151.62308287610605,304,1107
151.6341612861761,279,1106
151.64523969624616,284,1107
151.6563181063162,318,1096
151.66739651638625,318,1107
151.67847492645632,261,1104
151.68955333652636,532,1114
151.7006317465964,533,1106
151.71171015666647,538,1108
151.7227885667365,556,1104
151.73386697680658,536,1107
151.74494538687662,535,1092
151.7560237969467,536,1108
151.76710220701673,536,1090
151.77818061708678,538,1088
151.78925902715685,542,1105
151.8003374372269,538,1107
151.81141584729693,540,1108
151.822494257367,539,1106
151.83357266743704,540,1084
151.84465107750708,531,1107
151.85572948757715,524,1104
151.8668078976472,407,1106
151.87788630771723,546,1107
151.8889647177873,542,1110
151.90004312785734,546,1108
151.9111215379274,547,1107
151.92219994799746,546,1108
151.9332783580675,545,1115
151.94435676813754,383,1104
151.9554351782076,398,1107
151.96651358827765,550,1112
151.9775919983477,398,1108
151.98867040841776,411,1113
151.9997488184878,424,1117
152.01082722855784,430,1113
152.0219056386279,400,1114
152.03298404869795,411,1118
152.044062458768,427,1121
152.05514086883807,481,1116
152.0662192789081,482,1199
152.07729768897818,513,1109
152.08837609904822,506,1104
152.0994545091183,534,1097
152.11053291918833,541,1128
152.12161132925837,563,1096
152.13268973932844,535,1094
152.14376814939848,561,1096
152.15484655946852,561,1104
152.1659249695386,575,1104
152.17700337960864,586,1094
152.18808178967868,590,1152
152.19916019974875,562,1099
152.2102386098188,624,1145
152.22131701988883,602,1103
152.2323954299589,587,1107
152.24347384002894,566,1162
152.25455225009898,563,1108
152.26563066016905,563,1107
152.2767090702391,569,1113
152.28778748030913,569,1160
152.2988658903792,562,1118
152.30994430044925,556,1119
152.32102271051932,557,1118
152.33210112058936,556,1120
152.3431795306594,568,1119
152.35425794072944,570,1118
152.3653363507995,569,1137
152.37641476086955,569,1120
152.38749317093962,573,1113
152.39857158100966,573,1128
152.4096499910797,572,1120
152.42072840114977,575,1167
152.43180681121981,575,1161
152.44288522128988,578,1160
152.45396363135993,581,1144
152.46504204142997,580,1111
152.47612045150004,584,1111
152.48719886157008,583,1110
152.49827727164012,588,1126
152.5093556817102,588,1113
152.52043409178023,592,1116
152.53151250185027,590,1105
152.54259091192034,590,1115
152.55366932199038,589,1120
152.56474773206043,592,1169
152.5758261421305,592,1120
152.58690455220054,592,1128
152.59798296227058,589,1119
152.60906137234065,588,1175
152.6201397824107,588,1118
152.63121819248073,593,1167
152.6422966025508,590,1122
152.65337501262084,590,1121
152.66445342269088,571,1122
152.67553183276095,590,1121
152.68661024283102,557,1105
152.69768865290104,591,1122
152.7087670629711,398,1107
152.71984547304115,358,1123
152.73092388311122,556,1138
152.74200229318126,418,1120
152.75308070325133,556,1136
152.76415911332137,556,1120
152.7752375233914,588,1120
152.78631593346148,572,1117
152.79739434353152,579,1121
152.80847275360156,557,1118
152.81955116367163,554,1129
152.83062957374167,587,1104
152.84170798381172,555,1122
152.8527863938818,591,1116
152.86386480395183,571,1111
152.87494321402187,539,1116
152.88602162409194,587,1119
152.89710003416198,333,1116
152.90817844423202,335,1106
152.9192568543021,532,1106
152.93033526437213,571,1103
152.94141367444217,586,1103
152.95249208451224,587,1101
152.96357049458229,571,1121
152.97464890465235,587,1105
152.9857273147224,587,1104
152.99680572479244,589,1103
153.00788413486248,586,1092
153.01896254493255,590,1176
153.0300409550026,585,1115
153.04111936507266,585,1107
153.0521977751427,485,1098
153.06327618521274,584,1106
153.0743545952828,585,1107
153.08543300535285,584,1183
153.09651141542292,587,1112
153.10758982549297,585,1120
153.118668235563,586,1120
153.12974664563308,587,1115
153.14082505570312,586,1152
153.15190346577316,585,1113
153.16298187584323,586,1121
153.17406028591327,584,1118
153.1851386959833,586,1119
153.19621710605338,587,1123
153.20729551612342,586,1107
153.21837392619346,587,1120
153.22945233626353,582,1111
153.24053074633358,557,1133
153.25160915640362,582,1167
153.2626875664737,556,1137
153.27376597654373,557,1139
153.28484438661377,569,1135
153.29592279668384,564,1105
153.30700120675388,571,1140
153.31807961682395,557,1128
153.329158026894,582,1136
153.34023643696403,556,1135
153.35131484703408,583,1115
153.36239325710415,584,1134
153.3734716671742,585,1200
153.38455007724426,555,1134
153.3956284873143,569,1135
153.40670689738434,554,1137
153.4177853074544,555,1168
153.42886371752445,564,1121
153.43994212759452,583,1191
153.45102053766456,564,1134
153.4620989477346,585,1137
153.47317735780467,584,1125
153.4842557678747,596,1134
153.49533417794476,585,1165
153.50641258801483,587,1128
153.51749099808487,588,1119
153.5285694081549,590,1155
153.53964781822498,588,1119
153.55072622829502,681,1138
153.56180463836506,711,1121
153.57288304843513,650,1122
153.58396145850517,591,1127
153.5950398685752,589,1132
153.60611827864528,697,1130
153.61719668871532,593,1133
153.62827509878537,657,1161
153.63935350885544,681,1168
153.65043191892548,634,1136
153.66151032899552,593,1131
153.6725887390656,593,1130
153.68366714913566,591,1127
153.69474555920567,603,1175
153.70582396927574,591,1122
153.71690237934578,595,1230
153.72798078941585,591,1120
153.7390591994859,594,1101
153.75013760955596,588,1091
153.761216019626,585,1093
153.77229442969605,585,1136
153.78337283976612,584,1145
153.79445124983616,572,1105
153.8055296599062,588,1111
153.81660806997627,583,1121
153.8276864800463,583,1115
153.83876489011635,580,1115
153.84984330018642,581,1120
153.86092171025646,582,1121
153.8720001203265,580,1121
153.88307853039657,577,1118
153.89415694046662,574,1119
153.90523535053666,575,1122
153.91631376060673,571,1120
153.92739217067677,557,1113
153.9384705807468,524,1114
153.94954899081688,567,1118
153.96062740088692,565,1120
153.971705810957,564,1137
153.98278422102703,563,1133
153.99386263109707,564,1191
154.00494104116711,567,1152
154.01601945123718,561,1121
154.02709786130725,557,1126
154.0381762713773,557,1124
154.04925468144734,555,1123
154.06033309151738,556,1128
154.07141150158745,555,1129
154.0824899116575,554,1129
154.09356832172756,548,1119
154.1046467317976,544,1116
154.11572514186764,546,1127
154.1268035519377,563,1126
154.13788196200775,603,1115
154.1489603720778,650,1207
154.16003878214786,629,1120
154.1711171922179,616,1099
154.18219560228795,602,1144
154.19327401235802,606,1230
154.20435242242806,578,1102
154.2154308324981,572,1104
154.22650924256817,591,1092
154.2375876526382,580,1093
154.24866606270825,545,1105
154.25974447277832,539,1149
154.27082288284836,532,1097
154.2819012929184,526,1099
154.29297970298848,531,1104
154.30405811305852,528,1101
154.3151365231286,540,1104
154.32621493319863,528,1097
154.3372933432687,530,1103
154.3483717533387,537,1104
154.35945016340878,541,1104
154.37052857347882,539,1090
154.3816069835489,537,1085
154.39268539361893,533,1103
154.403763803689,542,1103
154.41484221375904,563,1077
154.4259206238291,548,1103
154.43699903389916,558,1103
154.4480774439692,561,1075
154.45915585403924,560,1103
154.4702342641093,561,1106
154.48131267417935,547,1121
154.4923910842494,552,1128
154.50346949431946,557,1103
154.5145479043895,527,1145
154.52562631445954,547,1106
154.5367047245296,549,1120
154.54778313459965,533,1121
154.5588615446697,520,1081
154.56993995473977,523,1071
154.5810183648098,504,1089
154.59209677487985,486,1066
154.60317518494992,476,1103
154.61425359501996,537,1104
154.62533200509,447,1065
154.63641041516007,433,1176
154.6474888252301,427,1136
154.65856723530015,410,1106
154.66964564537022,406,1107
154.6807240554403,399,1096
154.69180246551034,399,1105
154.70288087558038,378,1107
154.71395928565042,555,1097
154.7250376957205,358,1092
154.73611610579053,349,1106
154.7471945158606,335,1104
154.75827292593064,556,1104
154.76935133600068,560,1104
154.78042974607075,532,1110
154.7915081561408,560,1112
154.80258656621083,398,1100
154.8136649762809,398,1115
154.82474338635095,332,1119
154.835821796421,397,1110
154.84690020649106,398,1110
154.8579786165611,559,1104
154.86905702663114,554,1102
154.8801354367012,563,1097
154.89121384677125,345,1087
154.9022922568413,540,1153
154.91337066691136,556,1205
154.9244490769814,565,1106
154.93552748705144,566,1168
154.94660589712151,565,1175
154.95768430719156,567,1105
154.96876271726163,569,1120
154.97984112733167,561,1073
154.9909195374017,556,1168
155.00199794747175,399,1096
155.01307635754182,485,1104
155.0241547676119,569,1106
155.03523317768193,567,1083
155.04631158775197,567,1087
155.057389997822,556,1101
155.06846840789208,399,1103
155.07954681796213,570,1121
155.0906252280322,569,1108
155.10170363810224,568,1128
155.11278204817228,556,1096
155.12386045824235,442,1116
155.1349388683124,383,1106
155.14601727838243,380,1101
155.1570956884525,556,1097
155.16817409852254,493,1105
155.17925250859258,398,1098
155.19033091866265,477,1100
155.2014093287327,557,1102
155.21248773880274,555,1109
155.2235661488728,487,1114
155.23464455894285,562,1118
155.2457229690129,557,1116
155.25680137908296,540,1116
155.267879789153,556,1123
155.27895819922304,572,1108
155.2900366092931,568,1096
155.30111501936315,566,1119
155.31219342943322,565,1118
155.32327183950326,555,1107
155.33435024957333,556,1103
155.34542865964335,422,1105
155.35650706971342,555,1086
155.36758547978346,433,1081
155.37866388985353,524,1183
155.38974229992357,566,1090
155.40082070999364,565,1103
155.41189912006368,564,1168
155.42297753013372,564,1105
155.4340559402038,500,1107
155.44513435027383,564,1153
155.45621276034387,524,1176
155.46729117041394,540,1105
155.47836958048399,470,1069
155.48944799055403,457,1102
155.5005264006241,465,1075
155.51160481069414,267,1090
155.52268322076418,265,1106
155.53376163083425,285,1081
155.5448400409043,291,1152
155.55591845097433,290,1083
155.5669968610444,477,1104
155.57807527111444,480,1100
155.58915368118448,479,1106
155.60023209125455,547,1152
155.6113105013246,498,1110
155.62238891139467,507,1101
155.6334673214647,506,1101
155.64454573153475,500,1120
155.6556241416048,498,1104
155.66670255167486,502,1096
155.67778096174493,503,1115
155.68885937181497,342,1121
155.699937781885,260,1105
155.71101619195505,281,1089
155.72209460202512,513,1103
155.73317301209516,554,1104
155.74425142216523,543,1102
155.75532983223528,555,1092
155.76640824230532,563,1102
155.7774866523754,554,1104
155.78856506244543,554,1103
155.79964347251547,547,1092
155.81072188258554,567,1088
155.82180029265558,567,1087
155.83287870272562,573,1074
155.8439571127957,574,1074
155.85503552286573,570,1064
155.86611393293578,572,1103
155.87719234300585,556,1082
155.8882707530759,564,1103
155.89934916314593,549,1104
155.910427573216,578,1114
155.92150598328604,580,1106
155.93258439335608,581,1103
155.94366280342615,539,1105
155.9547412134962,547,1168
155.96581962356626,564,1104
155.9768980336363,572,1105
155.98797644370634,587,1103
155.99905485377639,587,1096
156.01013326384646,526,1073
156.02121167391653,555,1101
156.03229008398657,594,1076
156.0433684940566,555,1102
156.05444690412668,547,1102
156.06552531419672,530,1114
156.07660372426676,555,1090
156.08768213433683,555,1103
156.09876054440687,572,1104
156.1098389544769,587,1105
156.12091736454698,578,1096
156.13199577461702,586,1103
156.14307418468707,597,1103
156.15415259475714,572,1096
156.16523100482718,602,1087
156.17630941489722,599,1094
156.1873878249673,608,1100
156.19846623503733,621,1084
156.20954464510737,602,1091
156.22062305517744,636,1106
156.23170146524748,602,1120
156.24277987531752,634,1152
156.2538582853876,603,1126
156.26493669545764,599,1136
156.27601510552768,596,1128
156.28709351559775,597,1131
156.2981719256678,602,1130
156.30925033573786,600,1131
156.3203287458079,600,1133
156.33140715587797,591,1119
156.342485565948,599,1118
156.35356397601805,572,1119
156.3646423860881,556,1118
156.37572079615816,602,1119
156.3867992062282,594,1123
156.39787761629827,406,1128
156.40895602636832,597,1131
156.42003443643836,593,1132
156.43111284650843,590,1133
156.44219125657847,556,1131
156.4532696666485,587,1119
156.46434807671858,595,1130
156.47542648678862,591,1122
156.48650489685866,555,1122
156.49758330692873,555,1115
156.50866171699877,592,1168
156.51974012706881,556,1113
156.53081853713888,589,1124
156.54189694720893,591,1122
156.55297535727897,593,1101
156.56405376734904,557,1112
156.57513217741908,555,1130
156.58621058748912,571,1116
156.5972889975592,587,1117
156.60836740762923,590,1113
156.6194458176993,585,1136
156.63052422776934,557,1099
156.64160263783938,584,1098
156.65268104790943,587,1091
156.6637594579795,583,1088
156.67483786804956,584,1081
156.6859162781196,557,1102
156.69699468818965,582,1077
156.7080730982597,556,1103
156.71915150832976,556,1079
156.7302299183998,524,1070
156.74130832846987,509,1136
156.7523867385399,398,1102
156.76346514860995,580,1215
156.77454355868002,581,1113
156.78562196875006,582,1114
156.7967003788201,581,1103
156.80777878889018,579,1102
156.81885719896022,580,1104
156.82993560903026,579,1103
156.84101401910033,577,1103
156.85209242917037,577,1103
156.8631708392404,576,1075
156.87424924931048,578,1104
156.88532765938052,566,1104
156.89640606945056,576,1102
156.90748447952063,576,1075
156.91856288959067,575,1105
156.92964129966072,565,1103
156.94071970973079,574,1104
156.95179811980083,580,1092
156.9628765298709,576,1096
156.97395493994094,579,1104
156.985033350011,578,1106
156.99611176008102,578,1105
157.0071901701511,578,1102
157.01826858022116,579,1103
157.0293469902912,556,1102
157.04042540036124,576,1105
157.0515038104313,577,1152
157.06258222050135,579,1102
157.0736606305714,619,1102
157.08473904064147,580,1102
157.0958174507115,578,1104
157.10689586078155,578,1129
157.11797427085162,580,1104
157.12905268092166,580,1106
157.1401310909917,581,1104
157.15120950106177,575,1082
157.1622879111318,576,1107
157.17336632120185,577,1102
157.18444473127192,576,1101
157.19552314134197,567,1105
157.206601551412,556,1104
157.21767996148208,555,1103
157.22875837155212,580,1101
157.23983678162216,620,1101
157.25091519169223,578,1073
157.26199360176227,244,1091
157.27307201183234,578,1114
157.28415042190238,581,1102
157.29522883197242,598,1104
157.3063072420425,584,1103
157.31738565211253,586,1105
157.3284640621826,584,1105
157.33954247225265,585,1101
157.3506208823227,678,1114
157.36169929239273,586,1095
157.3727777024628,588,1104
157.38385611253284,584,1101
157.3949345226029,586,1103
157.40601293267295,611,1068
157.417091342743,678,1072
157.42816975281306,672,1071
157.4392481628831,626,1129
157.45032657295314,587,1103
157.46140498302321,589,1104
157.47248339309326,585,1102
157.4835618031633,586,1153
157.49464021323337,583,1104
157.5057186233034,584,1114
157.51679703337345,583,1129
157.52787544344352,572,1096
157.53895385351356,584,1094
157.5500322635836,585,1097
157.56111067365367,555,1092
157.5721890837237,586,1105
157.58326749379376,587,1106
157.59434590386383,589,1098
157.60542431393387,587,1106
157.61650272400394,584,1117
157.62758113407398,572,1152
157.63865954414402,583,1128
157.6497379542141,579,1152
157.66081636428413,579,1132
157.6718947743542,581,1125
157.68297318442424,577,1125
157.69405159449428,577,1124
157.70513000456435,576,1123
157.7162084146344,565,1121
157.72728682470444,573,1121
157.7383652347745,576,1120
157.74944364484455,573,1185
157.7605220549146,569,1121
157.77160046498466,570,1112
157.7826788750547,559,1114
157.79375728512474,445,1137
157.8048356951948,561,1112
157.81591410526485,556,1112
157.8269925153349,557,1111
157.83807092540496,556,1109
157.849149335475,551,1114
157.86022774554505,548,1112
157.87130615561512,542,1120
157.88238456568516,544,1118
157.8934629757552,544,1120
157.90454138582527,539,1123
157.9156197958953,540,1133
157.92669820596535,540,1121
157.93777661603542,542,1129
157.94885502610546,535,1107
157.95993343617553,529,1127
157.97101184624557,461,1106
157.98209025631564,528,1121
157.99316866638569,524,1106
158.00424707645573,523,1116
158.0153254865258,524,1096
158.02640389659584,523,1096
158.03748230666588,522,1101
158.04856071673595,521,1089
158.059639126806,518,1101
158.07071753687603,516,1103
158.0817959469461,516,1103
158.09287435701614,547,1093
158.10395276708618,510,1086
158.11503117715625,514,1081
158.1261095872263,512,1106
158.13718799729634,509,1111
158.1482664073664,326,1111
158.15934481743645,493,1115
158.1704232275065,507,1128
158.18150163757656,507,1114
158.1925800476466,508,1122
158.20365845771664,508,1128
158.2147368677867,509,1129
158.22581527785675,506,1137
158.2368936879268,506,1106
158.24797209799686,508,1133
158.2590505080669,505,1131
158.27012891813698,507,1123
158.28120732820702,507,1124
158.29228573827706,509,1114
158.30336414834713,502,1128
158.31444255841717,242,1161
158.32552096848724,503,1115
158.33659937855728,502,1115
158.34767778862732,501,1118
158.35875619869736,502,1110
158.36983460876743,504,1128
158.38091301883748,501,1105
158.39199142890755,399,1105
158.4030698389776,502,1104
158.41414824904763,398,1104
158.4252266591177,500,1104
158.43630506918774,502,1103
158.44738347925778,501,1105
158.45846188932785,504,1111
158.4695402993979,504,1090
158.48061870946793,321,1137
158.491697119538,264,1117
158.50277552960804,274,1113
158.51385393967809,276,1120
158.52493234974816,462,1129
158.5360107598182,499,1118
158.54708916988824,500,1112
158.5581675799583,498,1112
158.56924599002835,400,1110
158.5803244000984,486,1109
158.59140281016846,497,1106
158.6024812202385,497,1106
158.61355963030857,497,1108
158.6246380403786,497,1108
158.63571645044868,498,1094
158.64679486051872,495,1137
158.65787327058877,400,1104
158.6689516806588,498,1101
158.68003009072885,494,1101
158.69110850079892,493,1104
158.70218691086896,495,1105
158.71326532093903,495,1104
158.72434373100907,492,1105
158.73542214107914,400,1101
158.74650055114918,494,1106
158.75757896121922,497,1100
158.7686573712893,497,1101
158.77973578135934,497,1103
158.79081419142938,495,1100
158.80189260149945,495,1105
158.8129710115695,496,1100
158.82404942163956,493,1101
158.8351278317096,493,1107
158.84620624177967,556,1160
158.85728465184968,496,1106
158.86836306191975,556,1105
158.8794414719898,556,1104
158.89051988205983,557,1096
158.9015982921299,493,1093
158.91267670219995,491,1105
158.92375511227002,517,1092
158.93483352234006,490,1102
158.9459119324101,491,1090
158.95699034248014,492,1103
158.9680687525502,490,1090
158.97914716262025,488,1102
158.9902255726903,486,1103
159.00130398276036,490,1079
159.01238239283043,486,1103
159.02346080290047,490,1094
159.03453921297051,487,1085
159.04561762304058,488,1089
159.05669603311063,489,1106
159.06777444318067,487,1093
159.07885285325074,487,1096
159.08993126332078,487,1103
159.10100967339082,486,1105
159.1120880834609,486,1097
159.12316649353093,484,1102
159.134244903601,485,1103
159.14532331367104,485,1102
159.15640172374108,480,1100
159.16748013381113,479,1104
159.1785585438812,253,1106
159.18963695395124,248,1122
159.20071536402128,482,1104
159.21179377409135,479,1091
159.2228721841614,482,1107
159.23395059423143,478,1102
159.2450290043015,478,1104
159.25610741437154,399,1086
159.26718582444158,480,1104
159.27826423451165,481,1103
159.2893426445817,480,1103
159.30042105465176,479,1105
159.3114994647218,554,1074
159.32257787479188,478,1078
159.33365628486192,474,1076
159.34473469493196,473,1103
159.35581310500203,227,1102
159.36689151507207,476,1106
159.3779699251421,477,1102
159.38904833521218,475,1122
159.40012674528222,476,1092
159.41120515535226,525,1103
159.42228356542233,474,1102
159.43336197549237,556,1097
159.44444038556242,475,1102
159.45551879563249,470,1105
159.46659720570253,471,1106
159.47767561577257,473,1108
159.48875402584264,540,1104
159.49983243591268,554,1095
159.51091084598272,474,1106
159.5219892560528,472,1095
159.53306766612283,651,1090
159.54414607619287,623,1104
159.55522448626294,556,1122
159.56630289633299,613,1090
159.57738130640303,599,1102
159.5884597164731,578,1103
159.59953812654314,579,1104
159.6106165366132,575,1104
159.62169494668325,570,1086
159.63277335675332,555,1103
159.64385176682336,464,1084
159.6549301768934,469,1089
159.66600858696347,552,1089
159.6770869970335,465,1084
159.68816540710355,467,1100
159.69924381717362,462,1090
159.71032222724367,536,1097
159.7214006373137,530,1104
159.73247904738378,465,1230
159.74355745745382,464,1103
159.75463586752386,501,1138
159.76571427759393,518,1102
159.77679268766397,534,1098
159.787871097734,534,1095
159.79894950780408,536,1096
159.81002791787412,539,1092
159.82110632794416,462,1085
159.83218473801423,462,1086
159.84326314808428,534,1090
159.85434155815432,459,1082
159.8654199682244,460,1102
159.87649837829443,458,1107
159.88757678836447,524,1102
159.89865519843454,516,1184
159.90973360850458,456,1231
159.92081201857465,505,1103
159.9318904286447,503,1104
159.94296883871476,495,1153
159.9540472487848,493,1105
159.96512565885484,504,1106
159.97620406892491,498,1104
159.98728247899496,472,1105
159.998360889065,465,1094
160.00943929913507,479,1103
160.0205177092051,472,1096
160.03159611927515,449,1105
160.04267452934522,451,1098
160.05375293941526,455,1145
160.0648313494853,454,1138
160.07590975955534,450,1262
160.0869881696254,448,1107
160.09806657969546,442,1261
160.10914498976553,444,1104
